<acceptance-test-run title="Searching by keyword apple should display the corresponding article" name="searching_by_keyword_apple_should_display_the_corresponding_article" steps="4" successful="4" failures="0" skipped="0" ignored="0" pending="0" result="SUCCESS" duration="6887" timestamp="2020-04-27T19:00:32.616+03:00">
  <user-story id="MySerenityJUnitArchetypeG.features.search.SearchByKeywordStory" name="Search by keyword story" path="MySerenityJUnitArchetypeG.features.search"/>
  <issues>
    <issue>#WIKI-1</issue>
  </issues>
  <tags>
    <tag name="Search" type="capability"/>
    <tag name="Search/Search by keyword story" type="story"/>
  </tags>
  <test-step result="SUCCESS" duration="1327">
    <screenshots>
      <screenshot image="2123e3aa39de3813daed6579f8454a46_NONE.png"/>
      <screenshot image="8a4123e7fc3ef8be40eae8fc27f73f19_NONE.png"/>
    </screenshots>
    <description>Is the home page</description>
  </test-step>
  <test-group name="Looks for: &lt;span class=&apos;step-parameter&apos;&gt;apple&lt;/span&gt;" result="SUCCESS">
    <screenshots>
      <screenshot image="fcc9df149036068586177dfdd6622c81_NONE.png"/>
    </screenshots>
    <test-step result="SUCCESS" duration="1121">
      <screenshots>
        <screenshot image="e7f5c628963adddd3dd35f8475e0e32b_NONE.png"/>
      </screenshots>
      <description>Enters: &lt;span class=&apos;step-parameter&apos;&gt;apple&lt;/span&gt;</description>
    </test-step>
    <test-step result="SUCCESS" duration="2017">
      <screenshots>
        <screenshot image="e42714921fcc591cd6993faa0877231d_NONE.png"/>
        <screenshot image="c61ddfa2ee1973ff486118bff4f9d289_NONE.png"/>
      </screenshots>
      <description>Starts search</description>
    </test-step>
  </test-group>
  <test-step result="SUCCESS" duration="1421">
    <screenshots>
      <screenshot image="fcc9df149036068586177dfdd6622c81_NONE.png"/>
    </screenshots>
    <description>Should see definition: &lt;span class=&apos;step-parameter&apos;&gt;A common, round fruit produced by the tree Malus domestica, cultivated in temperate climates.&lt;/span&gt;</description>
  </test-step>
</acceptance-test-run>