{"name":"searching_by_keyword_apple_should_display_the_corresponding_article","testCaseName":"MySerenityJUnitArchetypeG.features.search.SearchByKeywordStory","testSteps":[{"number":1,"description":"Is the home page","duration":1327,"startTime":1588003232617,"screenshots":[{"screenshot":"2123e3aa39de3813daed6579f8454a46_NONE.png"},{"screenshot":"8a4123e7fc3ef8be40eae8fc27f73f19_NONE.png"}],"result":"SUCCESS"},{"number":2,"description":"Looks for: \u003cspan class\u003d\u0027step-parameter\u0027\u003eapple\u003c/span\u003e","duration":4135,"startTime":1588003233945,"screenshots":[{"screenshot":"fcc9df149036068586177dfdd6622c81_NONE.png"}],"result":"SUCCESS","children":[{"number":3,"description":"Enters: \u003cspan class\u003d\u0027step-parameter\u0027\u003eapple\u003c/span\u003e","duration":1121,"startTime":1588003234396,"screenshots":[{"screenshot":"e7f5c628963adddd3dd35f8475e0e32b_NONE.png"}],"result":"SUCCESS"},{"number":4,"description":"Starts search","duration":2017,"startTime":1588003235518,"screenshots":[{"screenshot":"e42714921fcc591cd6993faa0877231d_NONE.png"},{"screenshot":"c61ddfa2ee1973ff486118bff4f9d289_NONE.png"}],"result":"SUCCESS"}]},{"number":5,"description":"Should see definition: \u003cspan class\u003d\u0027step-parameter\u0027\u003eA common, round fruit produced by the tree Malus domestica, cultivated in temperate climates.\u003c/span\u003e","duration":1421,"startTime":1588003238081,"screenshots":[{"screenshot":"fcc9df149036068586177dfdd6622c81_NONE.png"}],"result":"SUCCESS"}],"userStory":{"id":"MySerenityJUnitArchetypeG.features.search.SearchByKeywordStory","storyName":"Search by keyword story","storyClassName":"MySerenityJUnitArchetypeG.features.search.SearchByKeywordStory","path":"MySerenityJUnitArchetypeG.features.search","type":"story"},"title":"Searching by keyword apple should display the corresponding article","coreIssues":["#WIKI-1"],"tags":[{"name":"Search/Search by keyword story","type":"story"},{"name":"Search","type":"capability"}],"startTime":1588003232616,"duration":6887,"driver":"chrome","manual":false,"result":"SUCCESS","issues":["#WIKI-1"]}