"Story","Title","Result","Date","Stability","Duration (s)"
"Search by keyword story","Searching by keyword apple should display the corresponding article","SUCCESS","2020-04-27T19:00:32.616+03:00","0.0","6.89"
"Search by keyword story","Searching by keyword banana should display the corresponding article","SUCCESS","2020-04-27T19:00:07.140+03:00","0.0","12.52"
"Search by keyword story","Searching by keyword hamster should display the corresponding article","SUCCESS","2020-04-27T19:00:26.386+03:00","0.0","6.23"
"Search by keyword story","Searching by keyword pear should display the corresponding article","SUCCESS","2020-04-27T19:00:19.707+03:00","0.0","6.67"
