{"name":"searching_by_keyword_banana_should_display_the_corresponding_article","testCaseName":"MySerenityJUnitArchetypeG.features.search.SearchByKeywordStory","testSteps":[{"number":1,"description":"Is the home page","duration":6059,"startTime":1588003207214,"screenshots":[{"screenshot":"8a4123e7fc3ef8be40eae8fc27f73f19_NONE.png"}],"result":"SUCCESS"},{"number":2,"description":"Looks for: \u003cspan class\u003d\u0027step-parameter\u0027\u003ebanana\u003c/span\u003e","duration":5248,"startTime":1588003213277,"screenshots":[{"screenshot":"2d30a587dbc823e17658d592fdc79b0e_NONE.png"}],"result":"SUCCESS","children":[{"number":3,"description":"Enters: \u003cspan class\u003d\u0027step-parameter\u0027\u003ebanana\u003c/span\u003e","duration":1468,"startTime":1588003213860,"screenshots":[{"screenshot":"90be7bae2a065a2a14760d9b6a32a3b3_NONE.png"}],"result":"SUCCESS"},{"number":4,"description":"Starts search","duration":2592,"startTime":1588003215329,"screenshots":[{"screenshot":"7b3d350998a98e68f3784d712384b36a_NONE.png"},{"screenshot":"1fc8a625d02bce26dc1f6f728d340fed_NONE.png"}],"result":"SUCCESS"}]},{"number":5,"description":"Should see definition: \u003cspan class\u003d\u0027step-parameter\u0027\u003eAn elongated curved tropical fruit that grows in bunches and has a creamy flesh and a smooth skin.\u003c/span\u003e","duration":1132,"startTime":1588003218526,"screenshots":[{"screenshot":"1fc8a625d02bce26dc1f6f728d340fed_NONE.png"}],"result":"SUCCESS"}],"userStory":{"id":"MySerenityJUnitArchetypeG.features.search.SearchByKeywordStory","storyName":"Search by keyword story","storyClassName":"MySerenityJUnitArchetypeG.features.search.SearchByKeywordStory","path":"MySerenityJUnitArchetypeG.features.search","type":"story"},"title":"Searching by keyword banana should display the corresponding article","tags":[{"name":"Search/Search by keyword story","type":"story"},{"name":"Search","type":"capability"}],"startTime":1588003207140,"duration":12519,"driver":"chrome","manual":false,"result":"SUCCESS"}