<acceptance-test-run title="Searching by keyword banana should display the corresponding article" name="searching_by_keyword_banana_should_display_the_corresponding_article" steps="4" successful="4" failures="0" skipped="0" ignored="0" pending="0" result="SUCCESS" duration="12519" timestamp="2020-04-27T19:00:07.140+03:00">
  <user-story id="MySerenityJUnitArchetypeG.features.search.SearchByKeywordStory" name="Search by keyword story" path="MySerenityJUnitArchetypeG.features.search"/>
  <tags>
    <tag name="Search" type="capability"/>
    <tag name="Search/Search by keyword story" type="story"/>
  </tags>
  <test-step result="SUCCESS" duration="6059">
    <screenshots>
      <screenshot image="8a4123e7fc3ef8be40eae8fc27f73f19_NONE.png"/>
    </screenshots>
    <description>Is the home page</description>
  </test-step>
  <test-group name="Looks for: &lt;span class=&apos;step-parameter&apos;&gt;banana&lt;/span&gt;" result="SUCCESS">
    <screenshots>
      <screenshot image="2d30a587dbc823e17658d592fdc79b0e_NONE.png"/>
    </screenshots>
    <test-step result="SUCCESS" duration="1468">
      <screenshots>
        <screenshot image="90be7bae2a065a2a14760d9b6a32a3b3_NONE.png"/>
      </screenshots>
      <description>Enters: &lt;span class=&apos;step-parameter&apos;&gt;banana&lt;/span&gt;</description>
    </test-step>
    <test-step result="SUCCESS" duration="2592">
      <screenshots>
        <screenshot image="7b3d350998a98e68f3784d712384b36a_NONE.png"/>
        <screenshot image="1fc8a625d02bce26dc1f6f728d340fed_NONE.png"/>
      </screenshots>
      <description>Starts search</description>
    </test-step>
  </test-group>
  <test-step result="SUCCESS" duration="1132">
    <screenshots>
      <screenshot image="1fc8a625d02bce26dc1f6f728d340fed_NONE.png"/>
    </screenshots>
    <description>Should see definition: &lt;span class=&apos;step-parameter&apos;&gt;An elongated curved tropical fruit that grows in bunches and has a creamy flesh and a smooth skin.&lt;/span&gt;</description>
  </test-step>
</acceptance-test-run>