{"name":"searching_by_keyword_hamster_should_display_the_corresponding_article","testCaseName":"MySerenityJUnitArchetypeG.features.search.SearchByKeywordStory","testSteps":[{"number":1,"description":"Is the home page","duration":1356,"startTime":1588003226386,"screenshots":[{"screenshot":"135d3b5b9a041c32bfd566ea535d7e4e_NONE.png"},{"screenshot":"8a4123e7fc3ef8be40eae8fc27f73f19_NONE.png"}],"result":"SUCCESS"},{"number":2,"description":"Looks for: \u003cspan class\u003d\u0027step-parameter\u0027\u003ehamster\u003c/span\u003e","duration":3902,"startTime":1588003227743,"screenshots":[{"screenshot":"2123e3aa39de3813daed6579f8454a46_NONE.png"}],"result":"SUCCESS","children":[{"number":3,"description":"Enters: \u003cspan class\u003d\u0027step-parameter\u0027\u003ehamster\u003c/span\u003e","duration":1138,"startTime":1588003228192,"screenshots":[{"screenshot":"8c9e2975c6e061a0c4b4951e1632eb41_NONE.png"}],"result":"SUCCESS"},{"number":4,"description":"Starts search","duration":1882,"startTime":1588003229330,"screenshots":[{"screenshot":"af933b89902f238beb71c00a321275ae_NONE.png"},{"screenshot":"d1646e1606cb3fd993fa8699d4ff9264_NONE.png"}],"result":"SUCCESS"}]},{"number":5,"description":"Should see definition: \u003cspan class\u003d\u0027step-parameter\u0027\u003eAny of various Old-World rodent species belonging to the subfamily Cricetinae.\u003c/span\u003e","duration":967,"startTime":1588003231646,"screenshots":[{"screenshot":"2123e3aa39de3813daed6579f8454a46_NONE.png"}],"result":"SUCCESS"}],"userStory":{"id":"MySerenityJUnitArchetypeG.features.search.SearchByKeywordStory","storyName":"Search by keyword story","storyClassName":"MySerenityJUnitArchetypeG.features.search.SearchByKeywordStory","path":"MySerenityJUnitArchetypeG.features.search","type":"story"},"title":"Searching by keyword hamster should display the corresponding article","tags":[{"name":"Search/Search by keyword story","type":"story"},{"name":"Search","type":"capability"}],"startTime":1588003226386,"duration":6228,"driver":"chrome","manual":false,"result":"SUCCESS"}