<acceptance-test-run title="Searching by keyword hamster should display the corresponding article" name="searching_by_keyword_hamster_should_display_the_corresponding_article" steps="4" successful="4" failures="0" skipped="0" ignored="0" pending="0" result="SUCCESS" duration="6228" timestamp="2020-04-27T19:00:26.386+03:00">
  <user-story id="MySerenityJUnitArchetypeG.features.search.SearchByKeywordStory" name="Search by keyword story" path="MySerenityJUnitArchetypeG.features.search"/>
  <tags>
    <tag name="Search" type="capability"/>
    <tag name="Search/Search by keyword story" type="story"/>
  </tags>
  <test-step result="SUCCESS" duration="1356">
    <screenshots>
      <screenshot image="135d3b5b9a041c32bfd566ea535d7e4e_NONE.png"/>
      <screenshot image="8a4123e7fc3ef8be40eae8fc27f73f19_NONE.png"/>
    </screenshots>
    <description>Is the home page</description>
  </test-step>
  <test-group name="Looks for: &lt;span class=&apos;step-parameter&apos;&gt;hamster&lt;/span&gt;" result="SUCCESS">
    <screenshots>
      <screenshot image="2123e3aa39de3813daed6579f8454a46_NONE.png"/>
    </screenshots>
    <test-step result="SUCCESS" duration="1138">
      <screenshots>
        <screenshot image="8c9e2975c6e061a0c4b4951e1632eb41_NONE.png"/>
      </screenshots>
      <description>Enters: &lt;span class=&apos;step-parameter&apos;&gt;hamster&lt;/span&gt;</description>
    </test-step>
    <test-step result="SUCCESS" duration="1882">
      <screenshots>
        <screenshot image="af933b89902f238beb71c00a321275ae_NONE.png"/>
        <screenshot image="d1646e1606cb3fd993fa8699d4ff9264_NONE.png"/>
      </screenshots>
      <description>Starts search</description>
    </test-step>
  </test-group>
  <test-step result="SUCCESS" duration="967">
    <screenshots>
      <screenshot image="2123e3aa39de3813daed6579f8454a46_NONE.png"/>
    </screenshots>
    <description>Should see definition: &lt;span class=&apos;step-parameter&apos;&gt;Any of various Old-World rodent species belonging to the subfamily Cricetinae.&lt;/span&gt;</description>
  </test-step>
</acceptance-test-run>