{"name":"searching_by_keyword_pear_should_display_the_corresponding_article","testCaseName":"MySerenityJUnitArchetypeG.features.search.SearchByKeywordStory","testSteps":[{"number":1,"description":"Is the home page","duration":1353,"startTime":1588003219708,"screenshots":[{"screenshot":"1fc8a625d02bce26dc1f6f728d340fed_NONE.png"},{"screenshot":"8a4123e7fc3ef8be40eae8fc27f73f19_NONE.png"}],"result":"SUCCESS"},{"number":2,"description":"Looks for: \u003cspan class\u003d\u0027step-parameter\u0027\u003epear\u003c/span\u003e","duration":4049,"startTime":1588003221062,"screenshots":[{"screenshot":"8a4123e7fc3ef8be40eae8fc27f73f19_NONE.png"}],"result":"SUCCESS","children":[{"number":3,"description":"Enters: \u003cspan class\u003d\u0027step-parameter\u0027\u003epear\u003c/span\u003e","duration":1177,"startTime":1588003221525,"screenshots":[{"screenshot":"8c1dc2791f43724f85c41fa3e827a40b_NONE.png"}],"result":"SUCCESS"},{"number":4,"description":"Starts search","duration":1886,"startTime":1588003222704,"screenshots":[{"screenshot":"7ebfd1a8a6fec873ca7b4beef180e6e2_NONE.png"},{"screenshot":"135d3b5b9a041c32bfd566ea535d7e4e_NONE.png"}],"result":"SUCCESS"}]},{"number":5,"description":"Should see definition: \u003cspan class\u003d\u0027step-parameter\u0027\u003eAn edible fruit produced by the pear tree, similar to an apple but elongated towards the stem.\u003c/span\u003e","duration":1261,"startTime":1588003225112,"screenshots":[{"screenshot":"135d3b5b9a041c32bfd566ea535d7e4e_NONE.png"}],"result":"SUCCESS"}],"userStory":{"id":"MySerenityJUnitArchetypeG.features.search.SearchByKeywordStory","storyName":"Search by keyword story","storyClassName":"MySerenityJUnitArchetypeG.features.search.SearchByKeywordStory","path":"MySerenityJUnitArchetypeG.features.search","type":"story"},"title":"Searching by keyword pear should display the corresponding article","tags":[{"name":"Search/Search by keyword story","type":"story"},{"name":"Search","type":"capability"}],"startTime":1588003219707,"duration":6673,"driver":"chrome","manual":false,"result":"SUCCESS"}