<acceptance-test-run title="Searching by keyword pear should display the corresponding article" name="searching_by_keyword_pear_should_display_the_corresponding_article" steps="4" successful="4" failures="0" skipped="0" ignored="0" pending="0" result="SUCCESS" duration="6673" timestamp="2020-04-27T19:00:19.707+03:00">
  <user-story id="MySerenityJUnitArchetypeG.features.search.SearchByKeywordStory" name="Search by keyword story" path="MySerenityJUnitArchetypeG.features.search"/>
  <tags>
    <tag name="Search" type="capability"/>
    <tag name="Search/Search by keyword story" type="story"/>
  </tags>
  <test-step result="SUCCESS" duration="1353">
    <screenshots>
      <screenshot image="1fc8a625d02bce26dc1f6f728d340fed_NONE.png"/>
      <screenshot image="8a4123e7fc3ef8be40eae8fc27f73f19_NONE.png"/>
    </screenshots>
    <description>Is the home page</description>
  </test-step>
  <test-group name="Looks for: &lt;span class=&apos;step-parameter&apos;&gt;pear&lt;/span&gt;" result="SUCCESS">
    <screenshots>
      <screenshot image="8a4123e7fc3ef8be40eae8fc27f73f19_NONE.png"/>
    </screenshots>
    <test-step result="SUCCESS" duration="1177">
      <screenshots>
        <screenshot image="8c1dc2791f43724f85c41fa3e827a40b_NONE.png"/>
      </screenshots>
      <description>Enters: &lt;span class=&apos;step-parameter&apos;&gt;pear&lt;/span&gt;</description>
    </test-step>
    <test-step result="SUCCESS" duration="1886">
      <screenshots>
        <screenshot image="7ebfd1a8a6fec873ca7b4beef180e6e2_NONE.png"/>
        <screenshot image="135d3b5b9a041c32bfd566ea535d7e4e_NONE.png"/>
      </screenshots>
      <description>Starts search</description>
    </test-step>
  </test-group>
  <test-step result="SUCCESS" duration="1261">
    <screenshots>
      <screenshot image="135d3b5b9a041c32bfd566ea535d7e4e_NONE.png"/>
    </screenshots>
    <description>Should see definition: &lt;span class=&apos;step-parameter&apos;&gt;An edible fruit produced by the pear tree, similar to an apple but elongated towards the stem.&lt;/span&gt;</description>
  </test-step>
</acceptance-test-run>