{"search":{"displayName":"Search for definitions","name":"Search","type":"capability","narrative":{"name":"Narrative","text":"In order to impress people\nAs a party goer\nI want to be able to look up the meaning of unusual and impressive words"},"cardNumber":"#123","children":[{"displayName":"Search by keyword story","name":"Search by keyword story","type":"story","narrative":{"name":"Narrative","text":""},"cardNumber":"","parent":"Search"}]},"search.SearchByKeywordStory":{"displayName":"Search by keyword story","name":"Search by keyword story","type":"story","narrative":{"name":"Narrative","text":""},"cardNumber":"","parent":"Search"}}