{"name":"searchWikiByKeywordTestDDT","testCaseName":"MySerenityJUnitArchetypeG.features.search.SearchByKeywordStoryDdt","testSteps":[{"number":1,"description":"Search wiki by keyword test DDT","duration":0,"startTime":1589174457570,"result":"SUCCESS","children":[{"number":2,"description":"[1] {Definition\u003dA sequence of rhythmic steps or movements usually performed to music, for pleasure or as a form of social interaction., Name\u003ddance}","duration":0,"startTime":1589174398566,"children":[{"number":3,"description":"Is the home page","duration":4749,"startTime":1589174398571,"screenshots":[{"screenshot":"df8424b75752d0801e3ba8584fb3d255_NONE.png"}],"result":"SUCCESS"},{"number":4,"description":"Looks for: \u003cspan class\u003d\u0027step-parameter\u0027\u003edance\u003c/span\u003e","duration":9581,"startTime":1589174403321,"screenshots":[{"screenshot":"df8424b75752d0801e3ba8584fb3d255_NONE.png"},{"screenshot":"fa1961aa25113c12310a13cdba35a2b9_NONE.png"}],"result":"SUCCESS","children":[{"number":5,"description":"Enters: \u003cspan class\u003d\u0027step-parameter\u0027\u003edance\u003c/span\u003e","duration":1710,"startTime":1589174403915,"screenshots":[{"screenshot":"df8424b75752d0801e3ba8584fb3d255_NONE.png"},{"screenshot":"d21ca0232f8e408b6f50b02fa9b27dd6_NONE.png"}],"result":"SUCCESS"},{"number":6,"description":"Starts search","duration":6489,"startTime":1589174405625,"screenshots":[{"screenshot":"b671cd12b3c58ff88bc041e02748fe4d_NONE.png"},{"screenshot":"e3575fb7d22fd245cbede053c8c0c42a_NONE.png"}],"result":"SUCCESS"}]},{"number":7,"description":"Should see definition: \u003cspan class\u003d\u0027step-parameter\u0027\u003eA sequence of rhythmic steps or movements usually performed to music, for pleasure or as a form of social interaction.\u003c/span\u003e","duration":1433,"startTime":1589174412903,"screenshots":[{"screenshot":"fa1961aa25113c12310a13cdba35a2b9_NONE.png"}],"result":"SUCCESS"}]}]},{"number":8,"description":"Search wiki by keyword test DDT","duration":0,"startTime":1589174457571,"result":"SUCCESS","children":[{"number":9,"description":"[2] {Definition\u003dA wheeled vehicle that moves independently, with at least three wheels, powered mechanically, steered by a driver and mostly for personal transportation;, Name\u003dcar}","duration":0,"startTime":1589174415083,"children":[{"number":10,"description":"Is the home page","duration":7726,"startTime":1589174415089,"screenshots":[{"screenshot":"df8424b75752d0801e3ba8584fb3d255_NONE.png"}],"result":"SUCCESS"},{"number":11,"description":"Looks for: \u003cspan class\u003d\u0027step-parameter\u0027\u003ecar\u003c/span\u003e","duration":12440,"startTime":1589174422816,"screenshots":[{"screenshot":"df8424b75752d0801e3ba8584fb3d255_NONE.png"},{"screenshot":"e8a81221f864d75ebb7e9b192f5320e3_NONE.png"}],"result":"SUCCESS","children":[{"number":12,"description":"Enters: \u003cspan class\u003d\u0027step-parameter\u0027\u003ecar\u003c/span\u003e","duration":2390,"startTime":1589174423656,"screenshots":[{"screenshot":"df8424b75752d0801e3ba8584fb3d255_NONE.png"},{"screenshot":"74b949c6aff93a175482bdee707d0d24_NONE.png"}],"result":"SUCCESS"},{"number":13,"description":"Starts search","duration":8213,"startTime":1589174426047,"screenshots":[{"screenshot":"74b949c6aff93a175482bdee707d0d24_NONE.png"},{"screenshot":"f0709fb9207a921b2a47a2d9f6ebf434_NONE.png"}],"result":"SUCCESS"}]},{"number":14,"description":"Should see definition: \u003cspan class\u003d\u0027step-parameter\u0027\u003eA wheeled vehicle that moves independently, with at least three wheels, powered mechanically, steered by a driver and mostly for personal transportation;\u003c/span\u003e","duration":2366,"startTime":1589174435260,"screenshots":[{"screenshot":"e8a81221f864d75ebb7e9b192f5320e3_NONE.png"}],"result":"SUCCESS"}]}]},{"number":15,"description":"Search wiki by keyword test DDT","duration":0,"startTime":1589174457571,"result":"SUCCESS","children":[{"number":16,"description":"[3] {Definition\u003dAn item of furniture with a flat top surface raised above the ground, usually on one or more legs., Name\u003dtable}","duration":0,"startTime":1589174438418,"children":[{"number":17,"description":"Is the home page","duration":5481,"startTime":1589174438424,"screenshots":[{"screenshot":"df8424b75752d0801e3ba8584fb3d255_NONE.png"}],"result":"SUCCESS"},{"number":18,"description":"Looks for: \u003cspan class\u003d\u0027step-parameter\u0027\u003etable\u003c/span\u003e","duration":11199,"startTime":1589174443907,"screenshots":[{"screenshot":"df8424b75752d0801e3ba8584fb3d255_NONE.png"},{"screenshot":"f0c8ad002d2dde5d3a5269c69994b627_NONE.png"}],"result":"SUCCESS","children":[{"number":19,"description":"Enters: \u003cspan class\u003d\u0027step-parameter\u0027\u003etable\u003c/span\u003e","duration":1953,"startTime":1589174444705,"screenshots":[{"screenshot":"df8424b75752d0801e3ba8584fb3d255_NONE.png"},{"screenshot":"25a80cbc2ac8e7cad95bc6f64dcf62a7_NONE.png"}],"result":"SUCCESS"},{"number":20,"description":"Starts search","duration":7672,"startTime":1589174446660,"screenshots":[{"screenshot":"25a80cbc2ac8e7cad95bc6f64dcf62a7_NONE.png"},{"screenshot":"d60da384d85feeb6652fd3a78ee51c42_NONE.png"}],"result":"SUCCESS"}]},{"number":21,"description":"Should see definition: \u003cspan class\u003d\u0027step-parameter\u0027\u003eAn item of furniture with a flat top surface raised above the ground, usually on one or more legs.\u003c/span\u003e","duration":1794,"startTime":1589174455107,"screenshots":[{"screenshot":"f0c8ad002d2dde5d3a5269c69994b627_NONE.png"}],"result":"SUCCESS"}]}]}],"userStory":{"id":"MySerenityJUnitArchetypeG.features.search.SearchByKeywordStoryDdt","storyName":"Search by keyword story ddt","storyClassName":"MySerenityJUnitArchetypeG.features.search.SearchByKeywordStoryDdt","path":"MySerenityJUnitArchetypeG.features.search","type":"story"},"title":"Search wiki by keyword test DDT","coreIssues":["#WIKI-1"],"tags":[{"name":"Search","type":"capability"},{"name":"Search by keyword story ddt","type":"story"}],"startTime":1589174457570,"duration":0,"dataTable":{"headers":["Name","Definition"],"rows":[{"values":["dance","A sequence of rhythmic steps or movements usually performed to music, for pleasure or as a form of social interaction."],"result":"SUCCESS"},{"values":["car","A wheeled vehicle that moves independently, with at least three wheels, powered mechanically, steered by a driver and mostly for personal transportation;"],"result":"SUCCESS"},{"values":["table","An item of furniture with a flat top surface raised above the ground, usually on one or more legs."],"result":"SUCCESS"}],"predefinedRows":false,"currentRow":{"value":0},"dataSetDescriptors":[{"startRow":0,"rowCount":0}]},"manual":false,"result":"SUCCESS","issues":["#WIKI-1"]}