<acceptance-test-run title="Search wiki by keyword test DDT" name="searchWikiByKeywordTestDDT" steps="12" successful="12" failures="0" skipped="0" ignored="0" pending="0" result="SUCCESS" duration="0" timestamp="2020-05-11T08:20:57.570+03:00">
  <user-story id="MySerenityJUnitArchetypeG.features.search.SearchByKeywordStoryDdt" name="Search by keyword story ddt" path="MySerenityJUnitArchetypeG.features.search"/>
  <issues>
    <issue>#WIKI-1</issue>
  </issues>
  <tags>
    <tag name="Search" type="capability"/>
    <tag name="Search by keyword story ddt" type="story"/>
  </tags>
  <examples>
    <datasets>
      <dataset startRow="0" rowCount="0"/>
    </datasets>
    <headers>
      <header>Name</header>
      <header>Definition</header>
    </headers>
    <rows>
      <row result="SUCCESS">
        <value>dance</value>
        <value>A sequence of rhythmic steps or movements usually performed to music, for pleasure or as a form of social interaction.</value>
      </row>
      <row result="SUCCESS">
        <value>car</value>
        <value>A wheeled vehicle that moves independently, with at least three wheels, powered mechanically, steered by a driver and mostly for personal transportation;</value>
      </row>
      <row result="SUCCESS">
        <value>table</value>
        <value>An item of furniture with a flat top surface raised above the ground, usually on one or more legs.</value>
      </row>
    </rows>
  </examples>
  <test-group name="Search wiki by keyword test DDT" result="SUCCESS">
    <test-group name="[1] {Definition=A sequence of rhythmic steps or movements usually performed to music, for pleasure or as a form of social interaction., Name=dance}" result="SUCCESS">
      <test-step result="SUCCESS" duration="4749">
        <screenshots>
          <screenshot image="df8424b75752d0801e3ba8584fb3d255_NONE.png"/>
        </screenshots>
        <description>Is the home page</description>
      </test-step>
      <test-group name="Looks for: &lt;span class=&apos;step-parameter&apos;&gt;dance&lt;/span&gt;" result="SUCCESS">
        <screenshots>
          <screenshot image="df8424b75752d0801e3ba8584fb3d255_NONE.png"/>
          <screenshot image="fa1961aa25113c12310a13cdba35a2b9_NONE.png"/>
        </screenshots>
        <test-step result="SUCCESS" duration="1710">
          <screenshots>
            <screenshot image="df8424b75752d0801e3ba8584fb3d255_NONE.png"/>
            <screenshot image="d21ca0232f8e408b6f50b02fa9b27dd6_NONE.png"/>
          </screenshots>
          <description>Enters: &lt;span class=&apos;step-parameter&apos;&gt;dance&lt;/span&gt;</description>
        </test-step>
        <test-step result="SUCCESS" duration="6489">
          <screenshots>
            <screenshot image="b671cd12b3c58ff88bc041e02748fe4d_NONE.png"/>
            <screenshot image="e3575fb7d22fd245cbede053c8c0c42a_NONE.png"/>
          </screenshots>
          <description>Starts search</description>
        </test-step>
      </test-group>
      <test-step result="SUCCESS" duration="1433">
        <screenshots>
          <screenshot image="fa1961aa25113c12310a13cdba35a2b9_NONE.png"/>
        </screenshots>
        <description>Should see definition: &lt;span class=&apos;step-parameter&apos;&gt;A sequence of rhythmic steps or movements usually performed to music, for pleasure or as a form of social interaction.&lt;/span&gt;</description>
      </test-step>
    </test-group>
  </test-group>
  <test-group name="Search wiki by keyword test DDT" result="SUCCESS">
    <test-group name="[2] {Definition=A wheeled vehicle that moves independently, with at least three wheels, powered mechanically, steered by a driver and mostly for personal transportation;, Name=car}" result="SUCCESS">
      <test-step result="SUCCESS" duration="7726">
        <screenshots>
          <screenshot image="df8424b75752d0801e3ba8584fb3d255_NONE.png"/>
        </screenshots>
        <description>Is the home page</description>
      </test-step>
      <test-group name="Looks for: &lt;span class=&apos;step-parameter&apos;&gt;car&lt;/span&gt;" result="SUCCESS">
        <screenshots>
          <screenshot image="df8424b75752d0801e3ba8584fb3d255_NONE.png"/>
          <screenshot image="e8a81221f864d75ebb7e9b192f5320e3_NONE.png"/>
        </screenshots>
        <test-step result="SUCCESS" duration="2390">
          <screenshots>
            <screenshot image="df8424b75752d0801e3ba8584fb3d255_NONE.png"/>
            <screenshot image="74b949c6aff93a175482bdee707d0d24_NONE.png"/>
          </screenshots>
          <description>Enters: &lt;span class=&apos;step-parameter&apos;&gt;car&lt;/span&gt;</description>
        </test-step>
        <test-step result="SUCCESS" duration="8213">
          <screenshots>
            <screenshot image="74b949c6aff93a175482bdee707d0d24_NONE.png"/>
            <screenshot image="f0709fb9207a921b2a47a2d9f6ebf434_NONE.png"/>
          </screenshots>
          <description>Starts search</description>
        </test-step>
      </test-group>
      <test-step result="SUCCESS" duration="2366">
        <screenshots>
          <screenshot image="e8a81221f864d75ebb7e9b192f5320e3_NONE.png"/>
        </screenshots>
        <description>Should see definition: &lt;span class=&apos;step-parameter&apos;&gt;A wheeled vehicle that moves independently, with at least three wheels, powered mechanically, steered by a driver and mostly for personal transportation;&lt;/span&gt;</description>
      </test-step>
    </test-group>
  </test-group>
  <test-group name="Search wiki by keyword test DDT" result="SUCCESS">
    <test-group name="[3] {Definition=An item of furniture with a flat top surface raised above the ground, usually on one or more legs., Name=table}" result="SUCCESS">
      <test-step result="SUCCESS" duration="5481">
        <screenshots>
          <screenshot image="df8424b75752d0801e3ba8584fb3d255_NONE.png"/>
        </screenshots>
        <description>Is the home page</description>
      </test-step>
      <test-group name="Looks for: &lt;span class=&apos;step-parameter&apos;&gt;table&lt;/span&gt;" result="SUCCESS">
        <screenshots>
          <screenshot image="df8424b75752d0801e3ba8584fb3d255_NONE.png"/>
          <screenshot image="f0c8ad002d2dde5d3a5269c69994b627_NONE.png"/>
        </screenshots>
        <test-step result="SUCCESS" duration="1953">
          <screenshots>
            <screenshot image="df8424b75752d0801e3ba8584fb3d255_NONE.png"/>
            <screenshot image="25a80cbc2ac8e7cad95bc6f64dcf62a7_NONE.png"/>
          </screenshots>
          <description>Enters: &lt;span class=&apos;step-parameter&apos;&gt;table&lt;/span&gt;</description>
        </test-step>
        <test-step result="SUCCESS" duration="7672">
          <screenshots>
            <screenshot image="25a80cbc2ac8e7cad95bc6f64dcf62a7_NONE.png"/>
            <screenshot image="d60da384d85feeb6652fd3a78ee51c42_NONE.png"/>
          </screenshots>
          <description>Starts search</description>
        </test-step>
      </test-group>
      <test-step result="SUCCESS" duration="1794">
        <screenshots>
          <screenshot image="f0c8ad002d2dde5d3a5269c69994b627_NONE.png"/>
        </screenshots>
        <description>Should see definition: &lt;span class=&apos;step-parameter&apos;&gt;An item of furniture with a flat top surface raised above the ground, usually on one or more legs.&lt;/span&gt;</description>
      </test-step>
    </test-group>
  </test-group>
</acceptance-test-run>