<acceptance-test-run title="Search destination complete data" name="searchDestination_completeData" steps="14" successful="0" failures="0" errors="2" skipped="12" ignored="0" pending="0" result="ERROR" duration="0" timestamp="2020-05-11T08:19:55.375+03:00">
  <user-story id="MySerenityJUnitArchetypeG.features.search.SearchDestinationDdt" name="Search destination ddt" path="MySerenityJUnitArchetypeG.features.search"/>
  <issues>
    <issue>#EXIMTUR-2</issue>
  </issues>
  <tags>
    <tag name="Search" type="capability"/>
    <tag name="Search destination ddt" type="story"/>
  </tags>
  <examples>
    <datasets>
      <dataset startRow="0" rowCount="0"/>
    </datasets>
    <headers>
      <header>destination</header>
      <header>departure_city</header>
      <header>result</header>
    </headers>
    <rows>
      <row result="ERROR">
        <value>1</value>
        <value>1</value>
        <value>Au fost gasite 8 hoteluri</value>
      </row>
      <row result="ERROR">
        <value>2</value>
        <value>2</value>
        <value>Au fost gasite 49 hoteluri</value>
      </row>
    </rows>
  </examples>
  <test-group name="Search destination complete data" result="ERROR">
    <test-group name="[1] {result=Au fost gasite 8 hoteluri, destination=1, departure_city=1}" result="ERROR">
      <test-step result="ERROR" duration="113">
        <description>Open page</description>
        <error>org.openqa.selenium.UnhandledAlertException: unexpected alert open: {Alert text : Date incomplete pentru cautare!}
  (Session info: chrome=81.0.4044.138)
  (Driver info: chromedriver=81.0.4044.69 (6813546031a4bc83f717a2ef7cd4ac6ec1199132-refs/branch-heads/4044@{#776}),platform=Mac OS X 10.14.6 x86_64) (WARNING: The server did not provide any stacktrace information)
Command duration or timeout: 7 milliseconds: null
Build info: version: &apos;2.46.0&apos;, revision: &apos;61506a4624b13675f24581e453592342b7485d71&apos;, time: &apos;2015-06-04 10:22:50&apos;
System info: host: &apos;Alexs-MacBook.local&apos;, ip: &apos;192.168.0.192&apos;, os.name: &apos;Mac OS X&apos;, os.arch: &apos;x86_64&apos;, os.version: &apos;10.14.6&apos;, java.version: &apos;11.0.2&apos;
Driver info: org.openqa.selenium.chrome.ChromeDriver
Capabilities [{mobileEmulationEnabled=false, timeouts={implicit=0, pageLoad=300000, script=30000}, hasTouchScreen=false, platform=MAC, acceptSslCerts=false, goog:chromeOptions={debuggerAddress=localhost:49676}, acceptInsecureCerts=false, webStorageEnabled=true, browserName=chrome, takesScreenshot=true, javascriptEnabled=true, setWindowRect=true, unexpectedAlertBehaviour=ignore, applicationCacheEnabled=false, rotatable=false, networkConnectionEnabled=false, chrome={chromedriverVersion=81.0.4044.69 (6813546031a4bc83f717a2ef7cd4ac6ec1199132-refs/branch-heads/4044@{#776}), userDataDir=/var/folders/ms/xtl554px1gj8mhj3ptnbww540000gn/T/.com.google.Chrome.tNR4tI}, takesHeapSnapshot=true, pageLoadStrategy=normal, strictFileInteractability=false, databaseEnabled=false, handlesAlerts=true, version=81.0.4044.138, browserConnectionEnabled=false, proxy={}, nativeEvents=true, locationContextEnabled=true, cssSelectorsEnabled=true, webauthn:virtualAuthenticators=true}]
Session ID: c5431ed4ef0e0c0dbcfcaf28310e826d</error>
        <exception>org.openqa.selenium.UnhandledAlertException:unexpected alert open: {Alert text : Date incomplete pentru cautare!}
  (Session info: chrome=81.0.4044.138)
  (Driver info: chromedriver=81.0.4044.69 (6813546031a4bc83f717a2ef7cd4ac6ec1199132-refs/branch-heads/4044@{#776}),platform=Mac OS X 10.14.6 x86_64) (WARNING: The server did not provide any stacktrace information)
Command duration or timeout: 7 milliseconds: null
Build info: version: &apos;2.46.0&apos;, revision: &apos;61506a4624b13675f24581e453592342b7485d71&apos;, time: &apos;2015-06-04 10:22:50&apos;
System info: host: &apos;Alexs-MacBook.local&apos;, ip: &apos;192.168.0.192&apos;, os.name: &apos;Mac OS X&apos;, os.arch: &apos;x86_64&apos;, os.version: &apos;10.14.6&apos;, java.version: &apos;11.0.2&apos;
Driver info: org.openqa.selenium.chrome.ChromeDriver
Capabilities [{mobileEmulationEnabled=false, timeouts={implicit=0, pageLoad=300000, script=30000}, hasTouchScreen=false, platform=MAC, acceptSslCerts=false, goog:chromeOptions={debuggerAddress=localhost:49676}, acceptInsecureCerts=false, webStorageEnabled=true, browserName=chrome, takesScreenshot=true, javascriptEnabled=true, setWindowRect=true, unexpectedAlertBehaviour=ignore, applicationCacheEnabled=false, rotatable=false, networkConnectionEnabled=false, chrome={chromedriverVersion=81.0.4044.69 (6813546031a4bc83f717a2ef7cd4ac6ec1199132-refs/branch-heads/4044@{#776}), userDataDir=/var/folders/ms/xtl554px1gj8mhj3ptnbww540000gn/T/.com.google.Chrome.tNR4tI}, takesHeapSnapshot=true, pageLoadStrategy=normal, strictFileInteractability=false, databaseEnabled=false, handlesAlerts=true, version=81.0.4044.138, browserConnectionEnabled=false, proxy={}, nativeEvents=true, locationContextEnabled=true, cssSelectorsEnabled=true, webauthn:virtualAuthenticators=true}]
Session ID: c5431ed4ef0e0c0dbcfcaf28310e826d
[java.base/jdk.internal.reflect.NativeConstructorAccessorImpl.newInstance0(Native Method), java.base/jdk.internal.reflect.NativeConstructorAccessorImpl.newInstance(NativeConstructorAccessorImpl.java:62), java.base/jdk.internal.reflect.DelegatingConstructorAccessorImpl.newInstance(DelegatingConstructorAccessorImpl.java:45), MySerenityJUnitArchetypeG.steps.serenity.SearchDestinationEndUserSteps.openPage(SearchDestinationEndUserSteps.java:16), MySerenityJUnitArchetypeG.features.search.SearchDestinationDdt.searchDestination_completeData(SearchDestinationDdt.java:51), java.base/jdk.internal.reflect.NativeMethodAccessorImpl.invoke0(Native Method), java.base/jdk.internal.reflect.NativeMethodAccessorImpl.invoke(NativeMethodAccessorImpl.java:62), java.base/jdk.internal.reflect.DelegatingMethodAccessorImpl.invoke(DelegatingMethodAccessorImpl.java:43), java.base/jdk.internal.reflect.NativeMethodAccessorImpl.invoke0(Native Method), java.base/jdk.internal.reflect.NativeMethodAccessorImpl.invoke(NativeMethodAccessorImpl.java:62), java.base/jdk.internal.reflect.DelegatingMethodAccessorImpl.invoke(DelegatingMethodAccessorImpl.java:43), java.base/jdk.internal.reflect.NativeMethodAccessorImpl.invoke0(Native Method), java.base/jdk.internal.reflect.NativeMethodAccessorImpl.invoke(NativeMethodAccessorImpl.java:62), java.base/jdk.internal.reflect.DelegatingMethodAccessorImpl.invoke(DelegatingMethodAccessorImpl.java:43)]</exception>
      </test-step>
      <test-step result="SKIPPED" duration="24">
        <description>Select destination: &lt;span class=&apos;step-parameter&apos;&gt;1&lt;/span&gt;</description>
      </test-step>
      <test-step result="SKIPPED" duration="0">
        <description>Select departure city: &lt;span class=&apos;step-parameter&apos;&gt;1&lt;/span&gt;</description>
      </test-step>
      <test-step result="SKIPPED" duration="0">
        <description>Select departure date</description>
      </test-step>
      <test-step result="SKIPPED" duration="0">
        <description>Select return date</description>
      </test-step>
      <test-step result="SKIPPED" duration="0">
        <description>Search</description>
      </test-step>
      <test-step result="SKIPPED" duration="0">
        <description>Check number of hotels: &lt;span class=&apos;step-parameter&apos;&gt;Au fost gasite 8 hoteluri&lt;/span&gt;</description>
      </test-step>
    </test-group>
  </test-group>
  <test-group name="Search destination complete data" result="ERROR">
    <test-group name="[2] {result=Au fost gasite 49 hoteluri, destination=2, departure_city=2}" result="ERROR">
      <test-step result="ERROR" duration="125">
        <description>Open page</description>
        <error>org.openqa.selenium.UnhandledAlertException: unexpected alert open: {Alert text : Date incomplete pentru cautare!}
  (Session info: chrome=81.0.4044.138)
  (Driver info: chromedriver=81.0.4044.69 (6813546031a4bc83f717a2ef7cd4ac6ec1199132-refs/branch-heads/4044@{#776}),platform=Mac OS X 10.14.6 x86_64) (WARNING: The server did not provide any stacktrace information)
Command duration or timeout: 19 milliseconds: null
Build info: version: &apos;2.46.0&apos;, revision: &apos;61506a4624b13675f24581e453592342b7485d71&apos;, time: &apos;2015-06-04 10:22:50&apos;
System info: host: &apos;Alexs-MacBook.local&apos;, ip: &apos;192.168.0.192&apos;, os.name: &apos;Mac OS X&apos;, os.arch: &apos;x86_64&apos;, os.version: &apos;10.14.6&apos;, java.version: &apos;11.0.2&apos;
Driver info: org.openqa.selenium.chrome.ChromeDriver
Capabilities [{mobileEmulationEnabled=false, timeouts={implicit=0, pageLoad=300000, script=30000}, hasTouchScreen=false, platform=MAC, acceptSslCerts=false, goog:chromeOptions={debuggerAddress=localhost:49724}, acceptInsecureCerts=false, webStorageEnabled=true, browserName=chrome, takesScreenshot=true, javascriptEnabled=true, setWindowRect=true, unexpectedAlertBehaviour=ignore, applicationCacheEnabled=false, rotatable=false, networkConnectionEnabled=false, chrome={chromedriverVersion=81.0.4044.69 (6813546031a4bc83f717a2ef7cd4ac6ec1199132-refs/branch-heads/4044@{#776}), userDataDir=/var/folders/ms/xtl554px1gj8mhj3ptnbww540000gn/T/.com.google.Chrome.WuJu5E}, takesHeapSnapshot=true, pageLoadStrategy=normal, strictFileInteractability=false, databaseEnabled=false, handlesAlerts=true, version=81.0.4044.138, browserConnectionEnabled=false, proxy={}, nativeEvents=true, locationContextEnabled=true, cssSelectorsEnabled=true, webauthn:virtualAuthenticators=true}]
Session ID: 8f5bcc45ea742f125164bf373b0a7c3c</error>
        <exception>org.openqa.selenium.UnhandledAlertException:unexpected alert open: {Alert text : Date incomplete pentru cautare!}
  (Session info: chrome=81.0.4044.138)
  (Driver info: chromedriver=81.0.4044.69 (6813546031a4bc83f717a2ef7cd4ac6ec1199132-refs/branch-heads/4044@{#776}),platform=Mac OS X 10.14.6 x86_64) (WARNING: The server did not provide any stacktrace information)
Command duration or timeout: 19 milliseconds: null
Build info: version: &apos;2.46.0&apos;, revision: &apos;61506a4624b13675f24581e453592342b7485d71&apos;, time: &apos;2015-06-04 10:22:50&apos;
System info: host: &apos;Alexs-MacBook.local&apos;, ip: &apos;192.168.0.192&apos;, os.name: &apos;Mac OS X&apos;, os.arch: &apos;x86_64&apos;, os.version: &apos;10.14.6&apos;, java.version: &apos;11.0.2&apos;
Driver info: org.openqa.selenium.chrome.ChromeDriver
Capabilities [{mobileEmulationEnabled=false, timeouts={implicit=0, pageLoad=300000, script=30000}, hasTouchScreen=false, platform=MAC, acceptSslCerts=false, goog:chromeOptions={debuggerAddress=localhost:49724}, acceptInsecureCerts=false, webStorageEnabled=true, browserName=chrome, takesScreenshot=true, javascriptEnabled=true, setWindowRect=true, unexpectedAlertBehaviour=ignore, applicationCacheEnabled=false, rotatable=false, networkConnectionEnabled=false, chrome={chromedriverVersion=81.0.4044.69 (6813546031a4bc83f717a2ef7cd4ac6ec1199132-refs/branch-heads/4044@{#776}), userDataDir=/var/folders/ms/xtl554px1gj8mhj3ptnbww540000gn/T/.com.google.Chrome.WuJu5E}, takesHeapSnapshot=true, pageLoadStrategy=normal, strictFileInteractability=false, databaseEnabled=false, handlesAlerts=true, version=81.0.4044.138, browserConnectionEnabled=false, proxy={}, nativeEvents=true, locationContextEnabled=true, cssSelectorsEnabled=true, webauthn:virtualAuthenticators=true}]
Session ID: 8f5bcc45ea742f125164bf373b0a7c3c
[java.base/jdk.internal.reflect.NativeConstructorAccessorImpl.newInstance0(Native Method), java.base/jdk.internal.reflect.NativeConstructorAccessorImpl.newInstance(NativeConstructorAccessorImpl.java:62), java.base/jdk.internal.reflect.DelegatingConstructorAccessorImpl.newInstance(DelegatingConstructorAccessorImpl.java:45), MySerenityJUnitArchetypeG.steps.serenity.SearchDestinationEndUserSteps.openPage(SearchDestinationEndUserSteps.java:16), MySerenityJUnitArchetypeG.features.search.SearchDestinationDdt.searchDestination_completeData(SearchDestinationDdt.java:51), java.base/jdk.internal.reflect.NativeMethodAccessorImpl.invoke0(Native Method), java.base/jdk.internal.reflect.NativeMethodAccessorImpl.invoke(NativeMethodAccessorImpl.java:62), java.base/jdk.internal.reflect.DelegatingMethodAccessorImpl.invoke(DelegatingMethodAccessorImpl.java:43), java.base/jdk.internal.reflect.NativeMethodAccessorImpl.invoke0(Native Method), java.base/jdk.internal.reflect.NativeMethodAccessorImpl.invoke(NativeMethodAccessorImpl.java:62), java.base/jdk.internal.reflect.DelegatingMethodAccessorImpl.invoke(DelegatingMethodAccessorImpl.java:43), java.base/jdk.internal.reflect.NativeMethodAccessorImpl.invoke0(Native Method), java.base/jdk.internal.reflect.NativeMethodAccessorImpl.invoke(NativeMethodAccessorImpl.java:62), java.base/jdk.internal.reflect.DelegatingMethodAccessorImpl.invoke(DelegatingMethodAccessorImpl.java:43)]</exception>
      </test-step>
      <test-step result="SKIPPED" duration="1">
        <description>Select destination: &lt;span class=&apos;step-parameter&apos;&gt;2&lt;/span&gt;</description>
      </test-step>
      <test-step result="SKIPPED" duration="1">
        <description>Select departure city: &lt;span class=&apos;step-parameter&apos;&gt;2&lt;/span&gt;</description>
      </test-step>
      <test-step result="SKIPPED" duration="1">
        <description>Select departure date</description>
      </test-step>
      <test-step result="SKIPPED" duration="1">
        <description>Select return date</description>
      </test-step>
      <test-step result="SKIPPED" duration="1">
        <description>Search</description>
      </test-step>
      <test-step result="SKIPPED" duration="0">
        <description>Check number of hotels: &lt;span class=&apos;step-parameter&apos;&gt;Au fost gasite 49 hoteluri&lt;/span&gt;</description>
      </test-step>
    </test-group>
  </test-group>
</acceptance-test-run>