{"name":"searchDestination_completeData","testCaseName":"MySerenityJUnitArchetypeG.features.search.SearchDestinationDdt","testSteps":[{"number":1,"description":"Search destination complete data","duration":0,"startTime":1589174395375,"exception":{"errorType":"org.openqa.selenium.UnhandledAlertException","message":"unexpected alert open: {Alert text : Date incomplete pentru cautare!}\n  (Session info: chrome\u003d81.0.4044.138)\n  (Driver info: chromedriver\u003d81.0.4044.69 (6813546031a4bc83f717a2ef7cd4ac6ec1199132-refs/branch-heads/4044@{#776}),platform\u003dMac OS X 10.14.6 x86_64) (WARNING: The server did not provide any stacktrace information)\nCommand duration or timeout: 7 milliseconds: null\nBuild info: version: \u00272.46.0\u0027, revision: \u002761506a4624b13675f24581e453592342b7485d71\u0027, time: \u00272015-06-04 10:22:50\u0027\nSystem info: host: \u0027Alexs-MacBook.local\u0027, ip: \u0027192.168.0.192\u0027, os.name: \u0027Mac OS X\u0027, os.arch: \u0027x86_64\u0027, os.version: \u002710.14.6\u0027, java.version: \u002711.0.2\u0027\nDriver info: org.openqa.selenium.chrome.ChromeDriver\nCapabilities [{mobileEmulationEnabled\u003dfalse, timeouts\u003d{implicit\u003d0, pageLoad\u003d300000, script\u003d30000}, hasTouchScreen\u003dfalse, platform\u003dMAC, acceptSslCerts\u003dfalse, goog:chromeOptions\u003d{debuggerAddress\u003dlocalhost:49676}, acceptInsecureCerts\u003dfalse, webStorageEnabled\u003dtrue, browserName\u003dchrome, takesScreenshot\u003dtrue, javascriptEnabled\u003dtrue, setWindowRect\u003dtrue, unexpectedAlertBehaviour\u003dignore, applicationCacheEnabled\u003dfalse, rotatable\u003dfalse, networkConnectionEnabled\u003dfalse, chrome\u003d{chromedriverVersion\u003d81.0.4044.69 (6813546031a4bc83f717a2ef7cd4ac6ec1199132-refs/branch-heads/4044@{#776}), userDataDir\u003d/var/folders/ms/xtl554px1gj8mhj3ptnbww540000gn/T/.com.google.Chrome.tNR4tI}, takesHeapSnapshot\u003dtrue, pageLoadStrategy\u003dnormal, strictFileInteractability\u003dfalse, databaseEnabled\u003dfalse, handlesAlerts\u003dtrue, version\u003d81.0.4044.138, browserConnectionEnabled\u003dfalse, proxy\u003d{}, nativeEvents\u003dtrue, locationContextEnabled\u003dtrue, cssSelectorsEnabled\u003dtrue, webauthn:virtualAuthenticators\u003dtrue}]\nSession ID: c5431ed4ef0e0c0dbcfcaf28310e826d: null\nBuild info: version: \u00272.46.0\u0027, revision: \u002761506a4624b13675f24581e453592342b7485d71\u0027, time: \u00272015-06-04 10:22:50\u0027\nSystem info: host: \u0027Alexs-MacBook.local\u0027, ip: \u0027192.168.0.192\u0027, os.name: \u0027Mac OS X\u0027, os.arch: \u0027x86_64\u0027, os.version: \u002710.14.6\u0027, java.version: \u002711.0.2\u0027\nDriver info: driver.version: unknown: null\nBuild info: version: \u00272.46.0\u0027, revision: \u002761506a4624b13675f24581e453592342b7485d71\u0027, time: \u00272015-06-04 10:22:50\u0027\nSystem info: host: \u0027Alexs-MacBook.local\u0027, ip: \u0027192.168.0.192\u0027, os.name: \u0027Mac OS X\u0027, os.arch: \u0027x86_64\u0027, os.version: \u002710.14.6\u0027, java.version: \u002711.0.2\u0027\nDriver info: driver.version: unknown","stackTrace":[{"moduleName":"java.base","moduleVersion":"11.0.2","declaringClass":"jdk.internal.reflect.NativeConstructorAccessorImpl","methodName":"newInstance0","fileName":"NativeConstructorAccessorImpl.java","lineNumber":-2,"format":2},{"moduleName":"java.base","moduleVersion":"11.0.2","declaringClass":"jdk.internal.reflect.NativeConstructorAccessorImpl","methodName":"newInstance","fileName":"NativeConstructorAccessorImpl.java","lineNumber":62,"format":2},{"moduleName":"java.base","moduleVersion":"11.0.2","declaringClass":"jdk.internal.reflect.DelegatingConstructorAccessorImpl","methodName":"newInstance","fileName":"DelegatingConstructorAccessorImpl.java","lineNumber":45,"format":2},{"classLoaderName":"app","declaringClass":"MySerenityJUnitArchetypeG.steps.serenity.SearchDestinationEndUserSteps","methodName":"openPage","fileName":"SearchDestinationEndUserSteps.java","lineNumber":16,"format":1},{"classLoaderName":"app","declaringClass":"MySerenityJUnitArchetypeG.features.search.SearchDestinationDdt","methodName":"searchDestination_completeData","fileName":"SearchDestinationDdt.java","lineNumber":51,"format":1},{"moduleName":"java.base","moduleVersion":"11.0.2","declaringClass":"jdk.internal.reflect.NativeMethodAccessorImpl","methodName":"invoke0","fileName":"NativeMethodAccessorImpl.java","lineNumber":-2,"format":2},{"moduleName":"java.base","moduleVersion":"11.0.2","declaringClass":"jdk.internal.reflect.NativeMethodAccessorImpl","methodName":"invoke","fileName":"NativeMethodAccessorImpl.java","lineNumber":62,"format":2},{"moduleName":"java.base","moduleVersion":"11.0.2","declaringClass":"jdk.internal.reflect.DelegatingMethodAccessorImpl","methodName":"invoke","fileName":"DelegatingMethodAccessorImpl.java","lineNumber":43,"format":2},{"moduleName":"java.base","moduleVersion":"11.0.2","declaringClass":"jdk.internal.reflect.NativeMethodAccessorImpl","methodName":"invoke0","fileName":"NativeMethodAccessorImpl.java","lineNumber":-2,"format":2},{"moduleName":"java.base","moduleVersion":"11.0.2","declaringClass":"jdk.internal.reflect.NativeMethodAccessorImpl","methodName":"invoke","fileName":"NativeMethodAccessorImpl.java","lineNumber":62,"format":2},{"moduleName":"java.base","moduleVersion":"11.0.2","declaringClass":"jdk.internal.reflect.DelegatingMethodAccessorImpl","methodName":"invoke","fileName":"DelegatingMethodAccessorImpl.java","lineNumber":43,"format":2},{"moduleName":"java.base","moduleVersion":"11.0.2","declaringClass":"jdk.internal.reflect.NativeMethodAccessorImpl","methodName":"invoke0","fileName":"NativeMethodAccessorImpl.java","lineNumber":-2,"format":2},{"moduleName":"java.base","moduleVersion":"11.0.2","declaringClass":"jdk.internal.reflect.NativeMethodAccessorImpl","methodName":"invoke","fileName":"NativeMethodAccessorImpl.java","lineNumber":62,"format":2},{"moduleName":"java.base","moduleVersion":"11.0.2","declaringClass":"jdk.internal.reflect.DelegatingMethodAccessorImpl","methodName":"invoke","fileName":"DelegatingMethodAccessorImpl.java","lineNumber":43,"format":2}]},"result":"ERROR","children":[{"number":2,"description":"[1] {result\u003dAu fost gasite 8 hoteluri, destination\u003d1, departure_city\u003d1}","duration":180,"startTime":1589174364744,"children":[{"number":3,"description":"Open page","duration":113,"startTime":1589174364773,"exception":{"errorType":"org.openqa.selenium.UnhandledAlertException","message":"unexpected alert open: {Alert text : Date incomplete pentru cautare!}\n  (Session info: chrome\u003d81.0.4044.138)\n  (Driver info: chromedriver\u003d81.0.4044.69 (6813546031a4bc83f717a2ef7cd4ac6ec1199132-refs/branch-heads/4044@{#776}),platform\u003dMac OS X 10.14.6 x86_64) (WARNING: The server did not provide any stacktrace information)\nCommand duration or timeout: 7 milliseconds: null\nBuild info: version: \u00272.46.0\u0027, revision: \u002761506a4624b13675f24581e453592342b7485d71\u0027, time: \u00272015-06-04 10:22:50\u0027\nSystem info: host: \u0027Alexs-MacBook.local\u0027, ip: \u0027192.168.0.192\u0027, os.name: \u0027Mac OS X\u0027, os.arch: \u0027x86_64\u0027, os.version: \u002710.14.6\u0027, java.version: \u002711.0.2\u0027\nDriver info: org.openqa.selenium.chrome.ChromeDriver\nCapabilities [{mobileEmulationEnabled\u003dfalse, timeouts\u003d{implicit\u003d0, pageLoad\u003d300000, script\u003d30000}, hasTouchScreen\u003dfalse, platform\u003dMAC, acceptSslCerts\u003dfalse, goog:chromeOptions\u003d{debuggerAddress\u003dlocalhost:49676}, acceptInsecureCerts\u003dfalse, webStorageEnabled\u003dtrue, browserName\u003dchrome, takesScreenshot\u003dtrue, javascriptEnabled\u003dtrue, setWindowRect\u003dtrue, unexpectedAlertBehaviour\u003dignore, applicationCacheEnabled\u003dfalse, rotatable\u003dfalse, networkConnectionEnabled\u003dfalse, chrome\u003d{chromedriverVersion\u003d81.0.4044.69 (6813546031a4bc83f717a2ef7cd4ac6ec1199132-refs/branch-heads/4044@{#776}), userDataDir\u003d/var/folders/ms/xtl554px1gj8mhj3ptnbww540000gn/T/.com.google.Chrome.tNR4tI}, takesHeapSnapshot\u003dtrue, pageLoadStrategy\u003dnormal, strictFileInteractability\u003dfalse, databaseEnabled\u003dfalse, handlesAlerts\u003dtrue, version\u003d81.0.4044.138, browserConnectionEnabled\u003dfalse, proxy\u003d{}, nativeEvents\u003dtrue, locationContextEnabled\u003dtrue, cssSelectorsEnabled\u003dtrue, webauthn:virtualAuthenticators\u003dtrue}]\nSession ID: c5431ed4ef0e0c0dbcfcaf28310e826d","stackTrace":[{"moduleName":"java.base","moduleVersion":"11.0.2","declaringClass":"jdk.internal.reflect.NativeConstructorAccessorImpl","methodName":"newInstance0","fileName":"NativeConstructorAccessorImpl.java","lineNumber":-2,"format":2},{"moduleName":"java.base","moduleVersion":"11.0.2","declaringClass":"jdk.internal.reflect.NativeConstructorAccessorImpl","methodName":"newInstance","fileName":"NativeConstructorAccessorImpl.java","lineNumber":62,"format":2},{"moduleName":"java.base","moduleVersion":"11.0.2","declaringClass":"jdk.internal.reflect.DelegatingConstructorAccessorImpl","methodName":"newInstance","fileName":"DelegatingConstructorAccessorImpl.java","lineNumber":45,"format":2},{"classLoaderName":"app","declaringClass":"MySerenityJUnitArchetypeG.steps.serenity.SearchDestinationEndUserSteps","methodName":"openPage","fileName":"SearchDestinationEndUserSteps.java","lineNumber":16,"format":1},{"classLoaderName":"app","declaringClass":"MySerenityJUnitArchetypeG.features.search.SearchDestinationDdt","methodName":"searchDestination_completeData","fileName":"SearchDestinationDdt.java","lineNumber":51,"format":1},{"moduleName":"java.base","moduleVersion":"11.0.2","declaringClass":"jdk.internal.reflect.NativeMethodAccessorImpl","methodName":"invoke0","fileName":"NativeMethodAccessorImpl.java","lineNumber":-2,"format":2},{"moduleName":"java.base","moduleVersion":"11.0.2","declaringClass":"jdk.internal.reflect.NativeMethodAccessorImpl","methodName":"invoke","fileName":"NativeMethodAccessorImpl.java","lineNumber":62,"format":2},{"moduleName":"java.base","moduleVersion":"11.0.2","declaringClass":"jdk.internal.reflect.DelegatingMethodAccessorImpl","methodName":"invoke","fileName":"DelegatingMethodAccessorImpl.java","lineNumber":43,"format":2},{"moduleName":"java.base","moduleVersion":"11.0.2","declaringClass":"jdk.internal.reflect.NativeMethodAccessorImpl","methodName":"invoke0","fileName":"NativeMethodAccessorImpl.java","lineNumber":-2,"format":2},{"moduleName":"java.base","moduleVersion":"11.0.2","declaringClass":"jdk.internal.reflect.NativeMethodAccessorImpl","methodName":"invoke","fileName":"NativeMethodAccessorImpl.java","lineNumber":62,"format":2},{"moduleName":"java.base","moduleVersion":"11.0.2","declaringClass":"jdk.internal.reflect.DelegatingMethodAccessorImpl","methodName":"invoke","fileName":"DelegatingMethodAccessorImpl.java","lineNumber":43,"format":2},{"moduleName":"java.base","moduleVersion":"11.0.2","declaringClass":"jdk.internal.reflect.NativeMethodAccessorImpl","methodName":"invoke0","fileName":"NativeMethodAccessorImpl.java","lineNumber":-2,"format":2},{"moduleName":"java.base","moduleVersion":"11.0.2","declaringClass":"jdk.internal.reflect.NativeMethodAccessorImpl","methodName":"invoke","fileName":"NativeMethodAccessorImpl.java","lineNumber":62,"format":2},{"moduleName":"java.base","moduleVersion":"11.0.2","declaringClass":"jdk.internal.reflect.DelegatingMethodAccessorImpl","methodName":"invoke","fileName":"DelegatingMethodAccessorImpl.java","lineNumber":43,"format":2}]},"result":"ERROR"},{"number":4,"description":"Select destination: \u003cspan class\u003d\u0027step-parameter\u0027\u003e1\u003c/span\u003e","duration":24,"startTime":1589174364888,"result":"SKIPPED"},{"number":5,"description":"Select departure city: \u003cspan class\u003d\u0027step-parameter\u0027\u003e1\u003c/span\u003e","duration":0,"startTime":1589174364913,"result":"SKIPPED"},{"number":6,"description":"Select departure date","duration":0,"startTime":1589174364914,"result":"SKIPPED"},{"number":7,"description":"Select return date","duration":0,"startTime":1589174364915,"result":"SKIPPED"},{"number":8,"description":"Search","duration":0,"startTime":1589174364915,"result":"SKIPPED"},{"number":9,"description":"Check number of hotels: \u003cspan class\u003d\u0027step-parameter\u0027\u003eAu fost gasite 8 hoteluri\u003c/span\u003e","duration":0,"startTime":1589174364916,"result":"SKIPPED"}]}]},{"number":10,"description":"Search destination complete data","duration":0,"startTime":1589174395376,"exception":{"errorType":"org.openqa.selenium.UnhandledAlertException","message":"unexpected alert open: {Alert text : Date incomplete pentru cautare!}\n  (Session info: chrome\u003d81.0.4044.138)\n  (Driver info: chromedriver\u003d81.0.4044.69 (6813546031a4bc83f717a2ef7cd4ac6ec1199132-refs/branch-heads/4044@{#776}),platform\u003dMac OS X 10.14.6 x86_64) (WARNING: The server did not provide any stacktrace information)\nCommand duration or timeout: 19 milliseconds: null\nBuild info: version: \u00272.46.0\u0027, revision: \u002761506a4624b13675f24581e453592342b7485d71\u0027, time: \u00272015-06-04 10:22:50\u0027\nSystem info: host: \u0027Alexs-MacBook.local\u0027, ip: \u0027192.168.0.192\u0027, os.name: \u0027Mac OS X\u0027, os.arch: \u0027x86_64\u0027, os.version: \u002710.14.6\u0027, java.version: \u002711.0.2\u0027\nDriver info: org.openqa.selenium.chrome.ChromeDriver\nCapabilities [{mobileEmulationEnabled\u003dfalse, timeouts\u003d{implicit\u003d0, pageLoad\u003d300000, script\u003d30000}, hasTouchScreen\u003dfalse, platform\u003dMAC, acceptSslCerts\u003dfalse, goog:chromeOptions\u003d{debuggerAddress\u003dlocalhost:49724}, acceptInsecureCerts\u003dfalse, webStorageEnabled\u003dtrue, browserName\u003dchrome, takesScreenshot\u003dtrue, javascriptEnabled\u003dtrue, setWindowRect\u003dtrue, unexpectedAlertBehaviour\u003dignore, applicationCacheEnabled\u003dfalse, rotatable\u003dfalse, networkConnectionEnabled\u003dfalse, chrome\u003d{chromedriverVersion\u003d81.0.4044.69 (6813546031a4bc83f717a2ef7cd4ac6ec1199132-refs/branch-heads/4044@{#776}), userDataDir\u003d/var/folders/ms/xtl554px1gj8mhj3ptnbww540000gn/T/.com.google.Chrome.WuJu5E}, takesHeapSnapshot\u003dtrue, pageLoadStrategy\u003dnormal, strictFileInteractability\u003dfalse, databaseEnabled\u003dfalse, handlesAlerts\u003dtrue, version\u003d81.0.4044.138, browserConnectionEnabled\u003dfalse, proxy\u003d{}, nativeEvents\u003dtrue, locationContextEnabled\u003dtrue, cssSelectorsEnabled\u003dtrue, webauthn:virtualAuthenticators\u003dtrue}]\nSession ID: 8f5bcc45ea742f125164bf373b0a7c3c: null\nBuild info: version: \u00272.46.0\u0027, revision: \u002761506a4624b13675f24581e453592342b7485d71\u0027, time: \u00272015-06-04 10:22:50\u0027\nSystem info: host: \u0027Alexs-MacBook.local\u0027, ip: \u0027192.168.0.192\u0027, os.name: \u0027Mac OS X\u0027, os.arch: \u0027x86_64\u0027, os.version: \u002710.14.6\u0027, java.version: \u002711.0.2\u0027\nDriver info: driver.version: unknown: null\nBuild info: version: \u00272.46.0\u0027, revision: \u002761506a4624b13675f24581e453592342b7485d71\u0027, time: \u00272015-06-04 10:22:50\u0027\nSystem info: host: \u0027Alexs-MacBook.local\u0027, ip: \u0027192.168.0.192\u0027, os.name: \u0027Mac OS X\u0027, os.arch: \u0027x86_64\u0027, os.version: \u002710.14.6\u0027, java.version: \u002711.0.2\u0027\nDriver info: driver.version: unknown","stackTrace":[{"moduleName":"java.base","moduleVersion":"11.0.2","declaringClass":"jdk.internal.reflect.NativeConstructorAccessorImpl","methodName":"newInstance0","fileName":"NativeConstructorAccessorImpl.java","lineNumber":-2,"format":2},{"moduleName":"java.base","moduleVersion":"11.0.2","declaringClass":"jdk.internal.reflect.NativeConstructorAccessorImpl","methodName":"newInstance","fileName":"NativeConstructorAccessorImpl.java","lineNumber":62,"format":2},{"moduleName":"java.base","moduleVersion":"11.0.2","declaringClass":"jdk.internal.reflect.DelegatingConstructorAccessorImpl","methodName":"newInstance","fileName":"DelegatingConstructorAccessorImpl.java","lineNumber":45,"format":2},{"classLoaderName":"app","declaringClass":"MySerenityJUnitArchetypeG.steps.serenity.SearchDestinationEndUserSteps","methodName":"openPage","fileName":"SearchDestinationEndUserSteps.java","lineNumber":16,"format":1},{"classLoaderName":"app","declaringClass":"MySerenityJUnitArchetypeG.features.search.SearchDestinationDdt","methodName":"searchDestination_completeData","fileName":"SearchDestinationDdt.java","lineNumber":51,"format":1},{"moduleName":"java.base","moduleVersion":"11.0.2","declaringClass":"jdk.internal.reflect.NativeMethodAccessorImpl","methodName":"invoke0","fileName":"NativeMethodAccessorImpl.java","lineNumber":-2,"format":2},{"moduleName":"java.base","moduleVersion":"11.0.2","declaringClass":"jdk.internal.reflect.NativeMethodAccessorImpl","methodName":"invoke","fileName":"NativeMethodAccessorImpl.java","lineNumber":62,"format":2},{"moduleName":"java.base","moduleVersion":"11.0.2","declaringClass":"jdk.internal.reflect.DelegatingMethodAccessorImpl","methodName":"invoke","fileName":"DelegatingMethodAccessorImpl.java","lineNumber":43,"format":2},{"moduleName":"java.base","moduleVersion":"11.0.2","declaringClass":"jdk.internal.reflect.NativeMethodAccessorImpl","methodName":"invoke0","fileName":"NativeMethodAccessorImpl.java","lineNumber":-2,"format":2},{"moduleName":"java.base","moduleVersion":"11.0.2","declaringClass":"jdk.internal.reflect.NativeMethodAccessorImpl","methodName":"invoke","fileName":"NativeMethodAccessorImpl.java","lineNumber":62,"format":2},{"moduleName":"java.base","moduleVersion":"11.0.2","declaringClass":"jdk.internal.reflect.DelegatingMethodAccessorImpl","methodName":"invoke","fileName":"DelegatingMethodAccessorImpl.java","lineNumber":43,"format":2},{"moduleName":"java.base","moduleVersion":"11.0.2","declaringClass":"jdk.internal.reflect.NativeMethodAccessorImpl","methodName":"invoke0","fileName":"NativeMethodAccessorImpl.java","lineNumber":-2,"format":2},{"moduleName":"java.base","moduleVersion":"11.0.2","declaringClass":"jdk.internal.reflect.NativeMethodAccessorImpl","methodName":"invoke","fileName":"NativeMethodAccessorImpl.java","lineNumber":62,"format":2},{"moduleName":"java.base","moduleVersion":"11.0.2","declaringClass":"jdk.internal.reflect.DelegatingMethodAccessorImpl","methodName":"invoke","fileName":"DelegatingMethodAccessorImpl.java","lineNumber":43,"format":2}]},"result":"ERROR","children":[{"number":11,"description":"[2] {result\u003dAu fost gasite 49 hoteluri, destination\u003d2, departure_city\u003d2}","duration":158,"startTime":1589174394559,"children":[{"number":12,"description":"Open page","duration":125,"startTime":1589174394576,"exception":{"errorType":"org.openqa.selenium.UnhandledAlertException","message":"unexpected alert open: {Alert text : Date incomplete pentru cautare!}\n  (Session info: chrome\u003d81.0.4044.138)\n  (Driver info: chromedriver\u003d81.0.4044.69 (6813546031a4bc83f717a2ef7cd4ac6ec1199132-refs/branch-heads/4044@{#776}),platform\u003dMac OS X 10.14.6 x86_64) (WARNING: The server did not provide any stacktrace information)\nCommand duration or timeout: 19 milliseconds: null\nBuild info: version: \u00272.46.0\u0027, revision: \u002761506a4624b13675f24581e453592342b7485d71\u0027, time: \u00272015-06-04 10:22:50\u0027\nSystem info: host: \u0027Alexs-MacBook.local\u0027, ip: \u0027192.168.0.192\u0027, os.name: \u0027Mac OS X\u0027, os.arch: \u0027x86_64\u0027, os.version: \u002710.14.6\u0027, java.version: \u002711.0.2\u0027\nDriver info: org.openqa.selenium.chrome.ChromeDriver\nCapabilities [{mobileEmulationEnabled\u003dfalse, timeouts\u003d{implicit\u003d0, pageLoad\u003d300000, script\u003d30000}, hasTouchScreen\u003dfalse, platform\u003dMAC, acceptSslCerts\u003dfalse, goog:chromeOptions\u003d{debuggerAddress\u003dlocalhost:49724}, acceptInsecureCerts\u003dfalse, webStorageEnabled\u003dtrue, browserName\u003dchrome, takesScreenshot\u003dtrue, javascriptEnabled\u003dtrue, setWindowRect\u003dtrue, unexpectedAlertBehaviour\u003dignore, applicationCacheEnabled\u003dfalse, rotatable\u003dfalse, networkConnectionEnabled\u003dfalse, chrome\u003d{chromedriverVersion\u003d81.0.4044.69 (6813546031a4bc83f717a2ef7cd4ac6ec1199132-refs/branch-heads/4044@{#776}), userDataDir\u003d/var/folders/ms/xtl554px1gj8mhj3ptnbww540000gn/T/.com.google.Chrome.WuJu5E}, takesHeapSnapshot\u003dtrue, pageLoadStrategy\u003dnormal, strictFileInteractability\u003dfalse, databaseEnabled\u003dfalse, handlesAlerts\u003dtrue, version\u003d81.0.4044.138, browserConnectionEnabled\u003dfalse, proxy\u003d{}, nativeEvents\u003dtrue, locationContextEnabled\u003dtrue, cssSelectorsEnabled\u003dtrue, webauthn:virtualAuthenticators\u003dtrue}]\nSession ID: 8f5bcc45ea742f125164bf373b0a7c3c","stackTrace":[{"moduleName":"java.base","moduleVersion":"11.0.2","declaringClass":"jdk.internal.reflect.NativeConstructorAccessorImpl","methodName":"newInstance0","fileName":"NativeConstructorAccessorImpl.java","lineNumber":-2,"format":2},{"moduleName":"java.base","moduleVersion":"11.0.2","declaringClass":"jdk.internal.reflect.NativeConstructorAccessorImpl","methodName":"newInstance","fileName":"NativeConstructorAccessorImpl.java","lineNumber":62,"format":2},{"moduleName":"java.base","moduleVersion":"11.0.2","declaringClass":"jdk.internal.reflect.DelegatingConstructorAccessorImpl","methodName":"newInstance","fileName":"DelegatingConstructorAccessorImpl.java","lineNumber":45,"format":2},{"classLoaderName":"app","declaringClass":"MySerenityJUnitArchetypeG.steps.serenity.SearchDestinationEndUserSteps","methodName":"openPage","fileName":"SearchDestinationEndUserSteps.java","lineNumber":16,"format":1},{"classLoaderName":"app","declaringClass":"MySerenityJUnitArchetypeG.features.search.SearchDestinationDdt","methodName":"searchDestination_completeData","fileName":"SearchDestinationDdt.java","lineNumber":51,"format":1},{"moduleName":"java.base","moduleVersion":"11.0.2","declaringClass":"jdk.internal.reflect.NativeMethodAccessorImpl","methodName":"invoke0","fileName":"NativeMethodAccessorImpl.java","lineNumber":-2,"format":2},{"moduleName":"java.base","moduleVersion":"11.0.2","declaringClass":"jdk.internal.reflect.NativeMethodAccessorImpl","methodName":"invoke","fileName":"NativeMethodAccessorImpl.java","lineNumber":62,"format":2},{"moduleName":"java.base","moduleVersion":"11.0.2","declaringClass":"jdk.internal.reflect.DelegatingMethodAccessorImpl","methodName":"invoke","fileName":"DelegatingMethodAccessorImpl.java","lineNumber":43,"format":2},{"moduleName":"java.base","moduleVersion":"11.0.2","declaringClass":"jdk.internal.reflect.NativeMethodAccessorImpl","methodName":"invoke0","fileName":"NativeMethodAccessorImpl.java","lineNumber":-2,"format":2},{"moduleName":"java.base","moduleVersion":"11.0.2","declaringClass":"jdk.internal.reflect.NativeMethodAccessorImpl","methodName":"invoke","fileName":"NativeMethodAccessorImpl.java","lineNumber":62,"format":2},{"moduleName":"java.base","moduleVersion":"11.0.2","declaringClass":"jdk.internal.reflect.DelegatingMethodAccessorImpl","methodName":"invoke","fileName":"DelegatingMethodAccessorImpl.java","lineNumber":43,"format":2},{"moduleName":"java.base","moduleVersion":"11.0.2","declaringClass":"jdk.internal.reflect.NativeMethodAccessorImpl","methodName":"invoke0","fileName":"NativeMethodAccessorImpl.java","lineNumber":-2,"format":2},{"moduleName":"java.base","moduleVersion":"11.0.2","declaringClass":"jdk.internal.reflect.NativeMethodAccessorImpl","methodName":"invoke","fileName":"NativeMethodAccessorImpl.java","lineNumber":62,"format":2},{"moduleName":"java.base","moduleVersion":"11.0.2","declaringClass":"jdk.internal.reflect.DelegatingMethodAccessorImpl","methodName":"invoke","fileName":"DelegatingMethodAccessorImpl.java","lineNumber":43,"format":2}]},"result":"ERROR"},{"number":13,"description":"Select destination: \u003cspan class\u003d\u0027step-parameter\u0027\u003e2\u003c/span\u003e","duration":1,"startTime":1589174394710,"result":"SKIPPED"},{"number":14,"description":"Select departure city: \u003cspan class\u003d\u0027step-parameter\u0027\u003e2\u003c/span\u003e","duration":1,"startTime":1589174394711,"result":"SKIPPED"},{"number":15,"description":"Select departure date","duration":1,"startTime":1589174394712,"result":"SKIPPED"},{"number":16,"description":"Select return date","duration":1,"startTime":1589174394713,"result":"SKIPPED"},{"number":17,"description":"Search","duration":1,"startTime":1589174394715,"result":"SKIPPED"},{"number":18,"description":"Check number of hotels: \u003cspan class\u003d\u0027step-parameter\u0027\u003eAu fost gasite 49 hoteluri\u003c/span\u003e","duration":0,"startTime":1589174394716,"result":"SKIPPED"}]}]}],"userStory":{"id":"MySerenityJUnitArchetypeG.features.search.SearchDestinationDdt","storyName":"Search destination ddt","storyClassName":"MySerenityJUnitArchetypeG.features.search.SearchDestinationDdt","path":"MySerenityJUnitArchetypeG.features.search","type":"story"},"title":"Search destination complete data","coreIssues":["#EXIMTUR-2"],"tags":[{"name":"Search destination ddt","type":"story"},{"name":"Search","type":"capability"}],"startTime":1589174395375,"duration":0,"dataTable":{"headers":["destination","departure_city","result"],"rows":[{"values":["1","1","Au fost gasite 8 hoteluri"],"result":"ERROR"},{"values":["2","2","Au fost gasite 49 hoteluri"],"result":"ERROR"}],"predefinedRows":false,"currentRow":{"value":0},"dataSetDescriptors":[{"startRow":0,"rowCount":0}]},"manual":false,"result":"ERROR","issues":["#EXIMTUR-2"]}