{"name":"searchDestination_incompleteData","testCaseName":"MySerenityJUnitArchetypeG.features.search.SearchDestinationDdt","testSteps":[{"number":1,"description":"Search destination incomplete data","duration":0,"startTime":1589174395360,"result":"SUCCESS","children":[{"number":2,"description":"[1] {result\u003dAu fost gasite 8 hoteluri, destination\u003d1, departure_city\u003d1}","duration":0,"startTime":1589174335227,"children":[{"number":3,"description":"Open page","duration":10883,"startTime":1589174335286,"screenshots":[{"screenshot":"47319d00d957781fa667118d8eed4ad7_NONE.png"}],"result":"SUCCESS"},{"number":4,"description":"Select destination: \u003cspan class\u003d\u0027step-parameter\u0027\u003e1\u003c/span\u003e","duration":5996,"startTime":1589174346188,"screenshots":[{"screenshot":"eee0e26286432dade124619cdfa7c5e5_NONE.png"},{"screenshot":"2e41bc3b19c5a05e67b95409da0481ac_NONE.png"}],"result":"SUCCESS"},{"number":5,"description":"Select departure city: \u003cspan class\u003d\u0027step-parameter\u0027\u003e1\u003c/span\u003e","duration":4617,"startTime":1589174352187,"screenshots":[{"screenshot":"1863a3854317b6e6e508f46fb7d07d4a_NONE.png"},{"screenshot":"4eec2db039f59f1f759a3bf46a4f0a43_NONE.png"}],"result":"SUCCESS"},{"number":6,"description":"Search","duration":7802,"startTime":1589174356806,"screenshots":[{"screenshot":"4eec2db039f59f1f759a3bf46a4f0a43_NONE.png"}],"result":"SUCCESS"},{"number":7,"description":"Check popup alert message: \u003cspan class\u003d\u0027step-parameter\u0027\u003eAu fost gasite 8 hoteluri\u003c/span\u003e","duration":49,"startTime":1589174364609,"result":"SUCCESS"}]}]},{"number":8,"description":"Search destination incomplete data","duration":0,"startTime":1589174395376,"result":"SUCCESS","children":[{"number":9,"description":"[2] {result\u003dAu fost gasite 49 hoteluri, destination\u003d2, departure_city\u003d2}","duration":0,"startTime":1589174365682,"children":[{"number":10,"description":"Open page","duration":10777,"startTime":1589174365687,"screenshots":[{"screenshot":"47319d00d957781fa667118d8eed4ad7_NONE.png"}],"result":"SUCCESS"},{"number":11,"description":"Select destination: \u003cspan class\u003d\u0027step-parameter\u0027\u003e2\u003c/span\u003e","duration":4797,"startTime":1589174376465,"screenshots":[{"screenshot":"eee0e26286432dade124619cdfa7c5e5_NONE.png"},{"screenshot":"a462686fc4e2bd5a2452af6acedc2d79_NONE.png"}],"result":"SUCCESS"},{"number":12,"description":"Select departure city: \u003cspan class\u003d\u0027step-parameter\u0027\u003e2\u003c/span\u003e","duration":5213,"startTime":1589174381278,"screenshots":[{"screenshot":"2f110847e8bf32c08c39583fd030f2ea_NONE.png"},{"screenshot":"6cb18ad52f4afadeb06a741df2a130ca_NONE.png"}],"result":"SUCCESS"},{"number":13,"description":"Search","duration":8017,"startTime":1589174386493,"screenshots":[{"screenshot":"ef509ff5767a72a77444ebb160b1f047_NONE.png"}],"result":"SUCCESS"},{"number":14,"description":"Check popup alert message: \u003cspan class\u003d\u0027step-parameter\u0027\u003eAu fost gasite 49 hoteluri\u003c/span\u003e","duration":45,"startTime":1589174394511,"result":"SUCCESS"}]}]}],"userStory":{"id":"MySerenityJUnitArchetypeG.features.search.SearchDestinationDdt","storyName":"Search destination ddt","storyClassName":"MySerenityJUnitArchetypeG.features.search.SearchDestinationDdt","path":"MySerenityJUnitArchetypeG.features.search","type":"story"},"title":"Search destination incomplete data","coreIssues":["#EXIMTUR-1"],"tags":[{"name":"Search destination ddt","type":"story"},{"name":"Search","type":"capability"}],"startTime":1589174395359,"duration":0,"dataTable":{"headers":["destination","departure_city","result"],"rows":[{"values":["1","1","Au fost gasite 8 hoteluri"],"result":"SUCCESS"},{"values":["2","2","Au fost gasite 49 hoteluri"],"result":"SUCCESS"}],"predefinedRows":false,"currentRow":{"value":0},"dataSetDescriptors":[{"startRow":0,"rowCount":0}]},"manual":false,"result":"SUCCESS","issues":["#EXIMTUR-1"]}