<acceptance-test-run title="Search destination incomplete data" name="searchDestination_incompleteData" steps="10" successful="10" failures="0" skipped="0" ignored="0" pending="0" result="SUCCESS" duration="0" timestamp="2020-05-11T08:19:55.359+03:00">
  <user-story id="MySerenityJUnitArchetypeG.features.search.SearchDestinationDdt" name="Search destination ddt" path="MySerenityJUnitArchetypeG.features.search"/>
  <issues>
    <issue>#EXIMTUR-1</issue>
  </issues>
  <tags>
    <tag name="Search" type="capability"/>
    <tag name="Search destination ddt" type="story"/>
  </tags>
  <examples>
    <datasets>
      <dataset startRow="0" rowCount="0"/>
    </datasets>
    <headers>
      <header>destination</header>
      <header>departure_city</header>
      <header>result</header>
    </headers>
    <rows>
      <row result="SUCCESS">
        <value>1</value>
        <value>1</value>
        <value>Au fost gasite 8 hoteluri</value>
      </row>
      <row result="SUCCESS">
        <value>2</value>
        <value>2</value>
        <value>Au fost gasite 49 hoteluri</value>
      </row>
    </rows>
  </examples>
  <test-group name="Search destination incomplete data" result="SUCCESS">
    <test-group name="[1] {result=Au fost gasite 8 hoteluri, destination=1, departure_city=1}" result="SUCCESS">
      <test-step result="SUCCESS" duration="10883">
        <screenshots>
          <screenshot image="47319d00d957781fa667118d8eed4ad7_NONE.png"/>
        </screenshots>
        <description>Open page</description>
      </test-step>
      <test-step result="SUCCESS" duration="5996">
        <screenshots>
          <screenshot image="eee0e26286432dade124619cdfa7c5e5_NONE.png"/>
          <screenshot image="2e41bc3b19c5a05e67b95409da0481ac_NONE.png"/>
        </screenshots>
        <description>Select destination: &lt;span class=&apos;step-parameter&apos;&gt;1&lt;/span&gt;</description>
      </test-step>
      <test-step result="SUCCESS" duration="4617">
        <screenshots>
          <screenshot image="1863a3854317b6e6e508f46fb7d07d4a_NONE.png"/>
          <screenshot image="4eec2db039f59f1f759a3bf46a4f0a43_NONE.png"/>
        </screenshots>
        <description>Select departure city: &lt;span class=&apos;step-parameter&apos;&gt;1&lt;/span&gt;</description>
      </test-step>
      <test-step result="SUCCESS" duration="7802">
        <screenshots>
          <screenshot image="4eec2db039f59f1f759a3bf46a4f0a43_NONE.png"/>
        </screenshots>
        <description>Search</description>
      </test-step>
      <test-step result="SUCCESS" duration="49">
        <description>Check popup alert message: &lt;span class=&apos;step-parameter&apos;&gt;Au fost gasite 8 hoteluri&lt;/span&gt;</description>
      </test-step>
    </test-group>
  </test-group>
  <test-group name="Search destination incomplete data" result="SUCCESS">
    <test-group name="[2] {result=Au fost gasite 49 hoteluri, destination=2, departure_city=2}" result="SUCCESS">
      <test-step result="SUCCESS" duration="10777">
        <screenshots>
          <screenshot image="47319d00d957781fa667118d8eed4ad7_NONE.png"/>
        </screenshots>
        <description>Open page</description>
      </test-step>
      <test-step result="SUCCESS" duration="4797">
        <screenshots>
          <screenshot image="eee0e26286432dade124619cdfa7c5e5_NONE.png"/>
          <screenshot image="a462686fc4e2bd5a2452af6acedc2d79_NONE.png"/>
        </screenshots>
        <description>Select destination: &lt;span class=&apos;step-parameter&apos;&gt;2&lt;/span&gt;</description>
      </test-step>
      <test-step result="SUCCESS" duration="5213">
        <screenshots>
          <screenshot image="2f110847e8bf32c08c39583fd030f2ea_NONE.png"/>
          <screenshot image="6cb18ad52f4afadeb06a741df2a130ca_NONE.png"/>
        </screenshots>
        <description>Select departure city: &lt;span class=&apos;step-parameter&apos;&gt;2&lt;/span&gt;</description>
      </test-step>
      <test-step result="SUCCESS" duration="8017">
        <screenshots>
          <screenshot image="ef509ff5767a72a77444ebb160b1f047_NONE.png"/>
        </screenshots>
        <description>Search</description>
      </test-step>
      <test-step result="SUCCESS" duration="45">
        <description>Check popup alert message: &lt;span class=&apos;step-parameter&apos;&gt;Au fost gasite 49 hoteluri&lt;/span&gt;</description>
      </test-step>
    </test-group>
  </test-group>
</acceptance-test-run>